document,engine,duration_seconds,page_count,word_count,average_confidence,text_preview
Devis_1.pdf,paddle,150.568,2,155,0.9935,"CaZES Devis N° Date Client DE24226 23/10/2024 2453 FONDATIONS SPECIALES SAS CAZES JACQUES SAS LE LEVAT 46170 ST PAUL FLAUGNAC Tél 05.65.21.90.34 EURALLIANCE ISOWATT Capital 7 622,45 Euros SIRET 32675261500012 10 rue de la paix TVA Intra. FR10326752615 @ cazes.compta@cazesfondations.com 75002 Paris S"
Devis_4.pdf,paddle,65.213,1,65,0.9954,eleo DEVIS ENERGY LINK 9 RUE GUTENBERG SFECO SOLUTIONS 91070 BONDOUFLE 79 RUE DES JONCS DES BOIS 01 64 97 41 74 Village des Métiers Hall 3 commercial@eleofrance.com 84000 AVIGNON www.eleofrance.com N° Devis 36362 Contact sur site Michelle BENECH Contact fournisseur Fatima zahrae ETTIBARY 0413397936 
Devis_7.pdf,paddle,497.413,4,243,0.9958,CHARPENTE ÉTANCHÉITÉ SERRURERIE COUVERTURE BARDAGE TEOPOLITUB CONSTRUCTION MÉTALLIQUE SFECO 79 RUE DES JONCS 72130 DOUILLET LE JOLY 84000 AVIGNON Devis Numéro Date Code client Date de validité Mode de règlement Affaire DE00003826 14/11/2025 SFE001 29/11/2025 A réception de facture Référence : A25029
Devis_1.pdf,tesseract,3.216,2,524,0.8746,"[ Devis N° || Date || Client | DE24226 | | 23/10/2024 | | 2453 FONDATIONS SPECIALES SAS CAZES JACQUES SAS LE LEVAT 46170 ST PAUL FLAUGNAC F 7] Tél : 05.65.21.90.34 EURALLIANCE ISOWATT Capital : 7 622,45 Euros SIRET : 32675261500012 10 rue de la paix TVA Intra. : FR10326752615 : @ : cazes.compta@caze"
Devis_4.pdf,tesseract,1.764,1,224,0.8674,CLEO DEVIS : ENERGY LINK 9 RUE GUTENBERG SFECO SOLUTIONS 91070 BONDOUFLE 79 RUE DES JONCS DES BOIS 01 64 97 4174 Village des Métiers Hall 3 commercial @eleofrance.com 84000 AVIGNON www.eleofrance.com RPERE SES Contact sur site Michelle BENECH Contact fournisseur Fatima zahrae ETTIBARY 0413397936 Réf
Devis_7.pdf,tesseract,12.396,4,2978,0.8748,CHARPENTE ÉTANCHÉITÉ SERRURERIE COUVERTURE BARDAGE CONSTRUCTION SFECO MÉTALLIQUE bé 79 RUE DES JONCS 72130 DOUILLET LE JOLY 84000 AVIGNON Devis Numéro Date Code client | Date de validité Mode de règlement Affaire DE00003826 14/11/2025 SFE001 29/11/2025 A réception de facture Référence : A25029 - DOU
Devis_1.pdf,easyocr,51.107,2,166,0.8524,"Devis N' Date Client c22ES DE24226 23/10/2024 2453 FONDATIONS SPECIALES SAS CAZES JACQUES SAS LE LEVAT 46170 ST PAUL FLAUGNAC Tél 05.65.21.90.34 EURALLIANCE ISOWATT Capital 622,45 Euros SIRET 32675261500012 10 rue de la paix TVA Intra FR10326752615 cazes.compta@cazesfondations.com 75002 Paris Site w"
Devis_4.pdf,easyocr,22.011,1,75,0.865,eleo DEVIS ENERGYLInK 9 RUE GUTENBERG SFECO SOLUTIONS 91070 BONDOUFLE 79 RUE DES JONCS DES BOIS 01 64 97 41 74 Village des Métiers Hall 3 commercial@eleofrance com 84000 AVIGNON WWW eleofrance com N' Devis 36362 Contact sur site Michelle BENECH Contact fournisseur Fatima zahrae ETTIBARY 0413397936 R
Devis_7.pdf,easyocr,126.906,4,695,0.8011,CHARPENTE ÉTANCHÉITÉ SERRURERIE COUVERTURE BARDAGE TEOPOLITUB CONSTRUCTION MÉTALLIQUE SFECO 79 RUE DES JONCS 72130 DOUILLET LE JOLY 84000 AVIGNON Devis Numéro Date Code client Date de validité Mode de règlement Affaire DE00003826 14/11/2025 SFEOO1 29/11/2025 A réception de facture Référence A25029 D
